{
  "1": {
    "importances": {
      "BTC/SPY_35d_z": 0.052994124002048414,
      "DXY_90d_z": 0.05228978978720214,
      "CPER/GLD_35d_z": 0.04622276424085824,
      "SPY/SPY_60d_ma_90d_z": 0.04142177991796933,
      "MOVE_90d_z": 0.038947928516726724,
      "BTC/SPY_15d_z": 0.03244719004334326
    },
    "means": {
      "BTC/SPY_35d_z": -0.8605458009805012,
      "DXY_90d_z": -1.3571614431711434,
      "CPER/GLD_35d_z": 1.1063058558894168,
      "SPY/SPY_60d_ma_90d_z": 0.8169384491756639,
      "MOVE_90d_z": -0.8139253793548181,
      "BTC/SPY_15d_z": -0.923754981391061
    },
    "stds": {
      "BTC/SPY_35d_z": 1.0515220900274884,
      "DXY_90d_z": 0.8406403781183667,
      "CPER/GLD_35d_z": 1.1091520993860946,
      "SPY/SPY_60d_ma_90d_z": 0.9490902840513554,
      "MOVE_90d_z": 0.9159077249369895,
      "BTC/SPY_15d_z": 1.1770961850268524
    },
    "sharpe": 0.12480078914647805
  },
  "2": {
    "importances": {
      "HYG/IEF_90d_z": 0.09239646763517423,
      "SPY/TLT_90d_z": 0.0841636471329286,
      "SPY/IEF_90d_z": 0.07398332651662554,
      "HYG/LQD_90d_z": 0.03986273484221694,
      "CPER/GLD_90d_z": 0.03868922828386283,
      "HYG/IEF_35d_z": 0.03728369194945906
    },
    "means": {
      "HYG/IEF_90d_z": -1.455071072265621,
      "SPY/TLT_90d_z": -1.2527667493681531,
      "SPY/IEF_90d_z": -1.0858034889666348,
      "HYG/LQD_90d_z": -1.2294543329258605,
      "CPER/GLD_90d_z": -1.6472175812491567,
      "HYG/IEF_35d_z": -1.2926585649795659
    },
    "stds": {
      "HYG/IEF_90d_z": 1.352990850091641,
      "SPY/TLT_90d_z": 1.1900602341258082,
      "SPY/IEF_90d_z": 1.3094859548867386,
      "HYG/LQD_90d_z": 1.3233041794820042,
      "CPER/GLD_90d_z": 0.9709317707888037,
      "HYG/IEF_35d_z": 1.2206099689042003
    },
    "sharpe": 0.029028828140043594
  },
  "3": {
    "importances": {
      "SPY_20d_vol_90d_z": 0.09086123546588873,
      "VIX_20d_vol_90d_z": 0.0726609230319233,
      "SPY/SPY_200d_ma_90d_z": 0.05622716288579217,
      "SPY_20d_vol_35d_z": 0.046868860137377816,
      "MOVE_90d_z": 0.0426500664743103,
      "VIX_20d_vol_35d_z": 0.04198115048248308
    },
    "means": {
      "SPY_20d_vol_90d_z": -1.0843693594419217,
      "VIX_20d_vol_90d_z": -0.9131163801562716,
      "SPY/SPY_200d_ma_90d_z": 1.0145863879386294,
      "SPY_20d_vol_35d_z": -1.146232862432074,
      "MOVE_90d_z": -0.7601686108529347,
      "VIX_20d_vol_35d_z": -1.0257344267826947
    },
    "stds": {
      "SPY_20d_vol_90d_z": 0.6867640423387987,
      "VIX_20d_vol_90d_z": 0.6319578680360614,
      "SPY/SPY_200d_ma_90d_z": 0.7508941616354798,
      "SPY_20d_vol_35d_z": 0.8566662272216659,
      "MOVE_90d_z": 0.7851451548570266,
      "VIX_20d_vol_35d_z": 0.9367215145088286
    },
    "sharpe": 0.1753337566869263
  },
  "4": {
    "importances": {
      "BTC/SPY_90d_z": 0.0737654019973487,
      "BTC/SPY_35d_z": 0.05041758377571922,
      "SPY_20d_vol_90d_z": 0.04468379117003978,
      "DXY_90d_z": 0.04377661559720632,
      "BTC/SPY_15d_z": 0.038720055574340155,
      "DXY_35d_z": 0.03486160282784497
    },
    "means": {
      "BTC/SPY_90d_z": -1.011668939135959,
      "BTC/SPY_35d_z": -0.9213076493207633,
      "SPY_20d_vol_90d_z": -0.7516538167963549,
      "DXY_90d_z": 1.131380346932853,
      "BTC/SPY_15d_z": -0.8340510355296546,
      "DXY_35d_z": 1.0748377336569097
    },
    "stds": {
      "BTC/SPY_90d_z": 0.945757780240808,
      "BTC/SPY_35d_z": 1.2066114086164412,
      "SPY_20d_vol_90d_z": 0.7506429314014399,
      "DXY_90d_z": 1.159596909781496,
      "BTC/SPY_15d_z": 1.4606953716575535,
      "DXY_35d_z": 1.2567145800831787
    },
    "sharpe": -0.015326185327427416
  },
  "5": {
    "importances": {
      "BTC/SPY_90d_z": 0.08784286799900452,
      "CPER/GLD_90d_z": 0.08740076020145528,
      "SPY/IEF_90d_z": 0.061749155452176394,
      "SPY/TLT_90d_z": 0.06084077575405542,
      "BTC/SPY_35d_z": 0.056377464942996065,
      "GLD/SPY_90d_z": 0.053242836973361206
    },
    "means": {
      "BTC/SPY_90d_z": 1.763121598564417,
      "CPER/GLD_90d_z": 1.2170567441981954,
      "SPY/IEF_90d_z": 1.8951759549035394,
      "SPY/TLT_90d_z": 1.7721684851329293,
      "BTC/SPY_35d_z": 1.4499110600436134,
      "GLD/SPY_90d_z": -1.3175739499024401
    },
    "stds": {
      "BTC/SPY_90d_z": 1.2090548649475992,
      "CPER/GLD_90d_z": 1.2318014728222542,
      "SPY/IEF_90d_z": 0.5660088699244606,
      "SPY/TLT_90d_z": 0.7153990371142194,
      "BTC/SPY_35d_z": 1.2718372178500357,
      "GLD/SPY_90d_z": 0.8933538645178004
    },
    "sharpe": 0.29664541766958824
  },
  "6": {
    "importances": {
      "BTC/SPY_90d_z": 0.10393886365762538,
      "MOVE_90d_z": 0.06196898129447541,
      "CPER/GLD_90d_z": 0.041442034027881845,
      "OIL/GLD_90d_z": 0.04068679818282533,
      "BTC/SPY_35d_z": 0.032786094312034594,
      "OIL/GLD_35d_z": 0.02970469086888246
    },
    "means": {
      "BTC/SPY_90d_z": 2.1639576682939805,
      "MOVE_90d_z": -0.8255179427299458,
      "CPER/GLD_90d_z": -0.3711050620644691,
      "OIL/GLD_90d_z": -1.3705390460059053,
      "BTC/SPY_35d_z": 1.5597461315819825,
      "OIL/GLD_35d_z": -1.2916219373002995
    },
    "stds": {
      "BTC/SPY_90d_z": 1.4421746524245465,
      "MOVE_90d_z": 0.904522980796795,
      "CPER/GLD_90d_z": 1.504388000271346,
      "OIL/GLD_90d_z": 0.897701597841477,
      "BTC/SPY_35d_z": 1.1893428722100114,
      "OIL/GLD_35d_z": 0.835428825789843
    },
    "sharpe": 0.09290518569961066
  },
  "7": {
    "importances": {
      "SPY/SPY_60d_ma_90d_z": 0.11059496753059081,
      "VIX/VIX3M_90d_z": 0.0664201055250386,
      "SPY/SPY_200d_ma_35d_z": 0.06269101226460376,
      "HYG/LQD_90d_z": 0.0500508102889792,
      "VIX_90d_z": 0.047859078743823565,
      "VIX/MOVE_90d_z": 0.04575620683848007
    },
    "means": {
      "SPY/SPY_60d_ma_90d_z": -1.6950977276377583,
      "VIX/VIX3M_90d_z": 1.3244710572269212,
      "SPY/SPY_200d_ma_35d_z": -1.5856885349830898,
      "HYG/LQD_90d_z": 0.9936599640695822,
      "VIX_90d_z": 1.3653046389914671,
      "VIX/MOVE_90d_z": 1.24960943547207
    },
    "stds": {
      "SPY/SPY_60d_ma_90d_z": 1.1918306072459133,
      "VIX/VIX3M_90d_z": 1.288552829269087,
      "SPY/SPY_200d_ma_35d_z": 1.1831654557781504,
      "HYG/LQD_90d_z": 1.391025302446579,
      "VIX_90d_z": 1.8312454818612516,
      "VIX/MOVE_90d_z": 1.566656058359092
    },
    "sharpe": -0.17743349337174305
  },
  "8": {
    "importances": {
      "HYG/IEF_90d_z": 0.05859985305164836,
      "SPY/IEF_90d_z": 0.05041526656465325,
      "GLD/SPY_90d_z": 0.044266117253097245,
      "SPY/TLT_90d_z": 0.04113448062605926,
      "OIL/GLD_90d_z": 0.03763426899328163,
      "HYG/IEF_35d_z": 0.03294613265338477
    },
    "means": {
      "HYG/IEF_90d_z": -0.3274638070299627,
      "SPY/IEF_90d_z": 0.05791388893738485,
      "GLD/SPY_90d_z": 0.5790598263490256,
      "SPY/TLT_90d_z": -0.20805809474029563,
      "OIL/GLD_90d_z": -1.163050535862307,
      "HYG/IEF_35d_z": 0.7421417907795885
    },
    "stds": {
      "HYG/IEF_90d_z": 0.6919629331767715,
      "SPY/IEF_90d_z": 0.8135239336047172,
      "GLD/SPY_90d_z": 0.7869890408969132,
      "SPY/TLT_90d_z": 0.7726227245534361,
      "OIL/GLD_90d_z": 0.6681375341587964,
      "HYG/IEF_35d_z": 0.8181284502489665
    },
    "sharpe": 0.3448330930034017
  }
}